function,algorithm_internal,algorithm,mean,std,n_runs,rank
f10_levy,CMAES,CMAES,393212.76192489977,36678.09431445009,20,1.0
f10_levy,HPPSO_Modified,HPPSO,922304.6671577984,57859.63261001562,20,2.0
f10_levy,GA-MPC,GA-MPC,950456.5410271094,45348.83808683664,20,3.0
f10_levy,SHADE,SHADE,950573.9252222242,40327.39303353989,20,4.0
f10_levy,GWO,GWO,959453.6038223341,69903.95149619007,20,5.0
f10_levy,PSO-RIW,PSO-RIW,1195038.495554998,76446.31529344148,20,6.0
f10_levy,Original PSO,PSO,1216408.8406854745,80091.00719570606,20,7.0
f10_levy,PSO-m,PSO-M,1400991.631308447,89778.75804263177,20,8.0
f10_levy,CSA,CSA,1469580.2589020147,192288.10139704854,20,9.0
f11_schwefel_2_26,CMAES,CMAES,371745.6696846038,1281.5878084685523,20,1.0
f11_schwefel_2_26,SHADE,SHADE,377270.22376908985,2093.3173700828156,20,2.0
f11_schwefel_2_26,HPPSO_Modified,HPPSO,377719.7854770676,1240.9938805996164,20,3.0
f11_schwefel_2_26,GA-MPC,GA-MPC,386648.1573581573,2097.1315862169668,20,4.0
f11_schwefel_2_26,PSO-m,PSO-M,387405.37825936003,2434.1883900712214,20,5.0
f11_schwefel_2_26,PSO-RIW,PSO-RIW,393027.7565849521,1863.2184683309627,20,6.0
f11_schwefel_2_26,Original PSO,PSO,394023.6260380539,1601.322409665122,20,7.0
f11_schwefel_2_26,GWO,GWO,394102.0726662408,3636.5347206233205,20,8.0
f11_schwefel_2_26,CSA,CSA,409621.62142253073,2578.270968295368,20,9.0
f12_styblinski_tang,CMAES,CMAES,33648990.00406946,3678461.2763436143,20,1.0
f12_styblinski_tang,HPPSO_Modified,HPPSO,2644579812.0221224,314450443.07796925,20,2.0
f12_styblinski_tang,GWO,GWO,6291406153.688767,207741937.9579869,20,3.0
f12_styblinski_tang,SHADE,SHADE,6685571738.439503,493069196.43739575,20,4.0
f12_styblinski_tang,PSO-m,PSO-M,9514300127.941935,721954250.1412652,20,5.0
f12_styblinski_tang,GA-MPC,GA-MPC,12154465879.028822,1068022468.684483,20,6.0
f12_styblinski_tang,CSA,CSA,20691176096.97891,4977475287.620446,20,7.0
f12_styblinski_tang,PSO-RIW,PSO-RIW,20902959958.23627,2708801989.095987,20,8.0
f12_styblinski_tang,Original PSO,PSO,22785634599.03252,1416520486.479254,20,9.0
f13_michalewicz,GA-MPC,GA-MPC,-107.35102078685858,8.257031563881373,20,1.0
f13_michalewicz,SHADE,SHADE,-89.05853887908796,2.4222668981830213,20,2.0
f13_michalewicz,CSA,CSA,-49.6358596432452,7.790997017348621,20,3.0
f13_michalewicz,PSO-RIW,PSO-RIW,-43.524698889372274,6.4942026253016465,20,4.0
f13_michalewicz,HPPSO_Modified,HPPSO,-42.92582679169209,10.209280694145558,20,5.0
f13_michalewicz,Original PSO,PSO,-42.37238277160186,5.907093064918633,20,6.0
f13_michalewicz,PSO-m,PSO-M,-35.56359600278861,4.392889604067008,20,7.0
f13_michalewicz,GWO,GWO,-33.18398902061156,2.8523306464352394,20,8.0
f13_michalewicz,CMAES,CMAES,-31.35085350043236,1.8900515090462155,20,9.0
f14_alpine_1,CMAES,CMAES,20394.127149298303,908.6849814624834,20,1.0
f14_alpine_1,GA-MPC,GA-MPC,24396.791540880025,700.6384742920328,20,2.0
f14_alpine_1,SHADE,SHADE,26077.21505552783,632.7574570259553,20,3.0
f14_alpine_1,HPPSO_Modified,HPPSO,26309.661617194273,993.7044867490085,20,4.0
f14_alpine_1,PSO-RIW,PSO-RIW,26845.6197431189,779.4809759817352,20,5.0
f14_alpine_1,Original PSO,PSO,27382.25600596749,1050.5396220354962,20,6.0
f14_alpine_1,GWO,GWO,28989.963813513128,1513.867043492991,20,7.0
f14_alpine_1,PSO-m,PSO-M,31903.512576957997,1494.1905174724027,20,8.0
f14_alpine_1,CSA,CSA,34469.63498039581,1798.1871286877645,20,9.0
f15_happy_cat,CMAES,CMAES,66.29272242839963,2.9579012234773114,20,1.0
f15_happy_cat,HPPSO_Modified,HPPSO,710.8224159121102,59.98854066878249,20,2.0
f15_happy_cat,SHADE,SHADE,1072.20113756361,37.9180543859284,20,3.0
f15_happy_cat,PSO-m,PSO-M,1118.5490555918514,52.247152896419074,20,4.0
f15_happy_cat,GWO,GWO,1182.2612680702834,24.584480746892478,20,5.0
f15_happy_cat,GA-MPC,GA-MPC,1497.8730013102604,48.43281924132128,20,6.0
f15_happy_cat,PSO-RIW,PSO-RIW,1931.6355849502465,154.89561166019953,20,7.0
f15_happy_cat,Original PSO,PSO,1967.4287209062131,78.62732428593516,20,8.0
f15_happy_cat,CSA,CSA,2071.995140724667,158.3202145559077,20,9.0
f16_hgbat,CMAES,CMAES,96661.2470241428,6356.808637476169,20,1.0
f16_hgbat,HPPSO_Modified,HPPSO,1289598.2067924864,93229.36371201898,20,2.0
f16_hgbat,SHADE,SHADE,2071501.4772761036,109948.62887232155,20,3.0
f16_hgbat,PSO-m,PSO-M,2158333.2885210207,90039.25964865334,20,4.0
f16_hgbat,GWO,GWO,2253694.714743943,47757.2799785105,20,5.0
f16_hgbat,GA-MPC,GA-MPC,2850853.188698674,112446.69191684086,20,6.0
f16_hgbat,PSO-RIW,PSO-RIW,3699608.2213617563,190660.22940790755,20,7.0
f16_hgbat,Original PSO,PSO,3858846.975694625,154046.0848064831,20,8.0
f16_hgbat,CSA,CSA,4230405.111472644,422631.69830473355,20,9.0
f17_bent_cigar,CMAES,CMAES,98453441545.17606,4112059798.3523564,20,1.0
f17_bent_cigar,HPPSO_Modified,HPPSO,1346999797225.0483,87229306723.36035,20,2.0
f17_bent_cigar,PSO-m,PSO-M,2141745152669.3477,89102945098.42096,20,3.0
f17_bent_cigar,SHADE,SHADE,2147214503430.6882,76283000476.4587,20,4.0
f17_bent_cigar,GWO,GWO,2272362382416.713,56825967222.67982,20,5.0
f17_bent_cigar,GA-MPC,GA-MPC,2896950637312.9385,148240105171.24844,20,6.0
f17_bent_cigar,PSO-RIW,PSO-RIW,3716219860502.878,299956509936.2275,20,7.0
f17_bent_cigar,Original PSO,PSO,3853003635645.1577,170343171239.9619,20,8.0
f17_bent_cigar,CSA,CSA,4090353726963.9883,274345908797.11633,20,9.0
f18_discus,HPPSO_Modified,HPPSO,1655401.4082913161,117039.61870191398,20,1.0
f18_discus,SHADE,SHADE,2477686.922181435,121409.7528513747,20,2.0
f18_discus,GWO,GWO,2992021.4153751796,55639.3633783991,20,3.0
f18_discus,GA-MPC,GA-MPC,3295259.3433973608,193621.0855222929,20,4.0
f18_discus,PSO-m,PSO-M,4306967.471098266,259439.8825560521,20,5.0
f18_discus,Original PSO,PSO,4748021.682973542,297859.07462208054,20,6.0
f18_discus,PSO-RIW,PSO-RIW,4825876.813788481,397606.21676112246,20,7.0
f18_discus,CMAES,CMAES,5668036.108696754,136337.20129797488,20,8.0
f18_discus,CSA,CSA,6831623.3971561985,1908497.825656872,20,9.0
f19_penalized_1,CMAES,CMAES,2235130884.0194445,300389867.6683943,20,1.0
f19_penalized_1,HPPSO_Modified,HPPSO,257794063578.538,29136940909.710648,20,2.0
f19_penalized_1,GWO,GWO,718929685294.8103,21418258454.961994,20,3.0
f19_penalized_1,SHADE,SHADE,779972774724.1079,47606428956.99314,20,4.0
f19_penalized_1,PSO-m,PSO-M,1293417216413.117,132340932226.31267,20,5.0
f19_penalized_1,GA-MPC,GA-MPC,1539115549181.8538,119559193242.40607,20,6.0
f19_penalized_1,PSO-RIW,PSO-RIW,2877966048287.4214,334650756064.80664,20,7.0
f19_penalized_1,CSA,CSA,3077705841434.8584,1022752697226.1392,20,8.0
f19_penalized_1,Original PSO,PSO,3120716955186.718,309990510706.3217,20,9.0
f1_sphere,CMAES,CMAES,96663.84047390563,6855.378995592382,20,1.0
f1_sphere,HPPSO_Modified,HPPSO,1301813.889581191,98789.4785929087,20,2.0
f1_sphere,SHADE,SHADE,2080543.8587309117,95013.97179831986,20,3.0
f1_sphere,PSO-m,PSO-M,2162795.015556284,87897.84634908177,20,4.0
f1_sphere,GWO,GWO,2227311.4521579975,33328.66111343332,20,5.0
f1_sphere,GA-MPC,GA-MPC,2883753.78170639,105104.4855565159,20,6.0
f1_sphere,PSO-RIW,PSO-RIW,3661062.0333862244,203493.57263571187,20,7.0
f1_sphere,Original PSO,PSO,3835331.5149093955,149323.19102694868,20,8.0
f1_sphere,CSA,CSA,4225739.132239553,441076.17832351744,20,9.0
f20_zakharov_2,SHADE,SHADE,3.770800323297569e-98,1.6323810937605875e-97,20,1.0
f20_zakharov_2,GA-MPC,GA-MPC,5.698847619803868e-86,2.483588725759193e-85,20,2.0
f20_zakharov_2,Original PSO,PSO,7.507571419032717e-39,3.082727739005933e-38,20,3.0
f20_zakharov_2,PSO-RIW,PSO-RIW,4.299134040438072e-34,1.3598088746335262e-33,20,4.0
f20_zakharov_2,HPPSO_Modified,HPPSO,5.165431989319047e-30,2.2515590311675317e-29,20,5.0
f20_zakharov_2,CSA,CSA,1.0662355006469807e-29,4.647612793193901e-29,20,6.0
f20_zakharov_2,PSO-m,PSO-M,1.4690042388424088e-29,6.14803355709307e-29,20,7.0
f20_zakharov_2,GWO,GWO,2.4332605216987856e-29,5.729184799830689e-29,20,8.0
f20_zakharov_2,CMAES,CMAES,6.440357040268053e-29,2.073660696175434e-28,20,9.0
f2_schwefel_2_22,Original PSO,PSO,1.0142320547350044e+304,inf,20,5.0
f2_schwefel_2_22,PSO-m,PSO-M,1.0142320547350044e+304,inf,20,5.0
f2_schwefel_2_22,PSO-RIW,PSO-RIW,1.0142320547350044e+304,inf,20,5.0
f2_schwefel_2_22,HPPSO_Modified,HPPSO,1.0142320547350044e+304,inf,20,5.0
f2_schwefel_2_22,GA-MPC,GA-MPC,1.0142320547350044e+304,inf,20,5.0
f2_schwefel_2_22,GWO,GWO,1.0142320547350044e+304,inf,20,5.0
f2_schwefel_2_22,SHADE,SHADE,1.0142320547350044e+304,inf,20,5.0
f2_schwefel_2_22,CSA,CSA,1.0142320547350044e+304,inf,20,5.0
f2_schwefel_2_22,CMAES,CMAES,1.0142320547350044e+304,inf,20,5.0
f3_zakharov,SHADE,SHADE,4699285.4002958415,621186.7532065514,20,1.0
f3_zakharov,HPPSO_Modified,HPPSO,5060983.443341976,407227.01704911084,20,2.0
f3_zakharov,GWO,GWO,6874056.0178867355,532237.217151539,20,3.0
f3_zakharov,Original PSO,PSO,7427009.192274283,898125.6230488924,20,4.0
f3_zakharov,PSO-RIW,PSO-RIW,7479370.39877592,856992.2662406,20,5.0
f3_zakharov,PSO-m,PSO-M,7638104.596930772,793911.0357617311,20,6.0
f3_zakharov,CMAES,CMAES,7652793.154468114,6115617.651516661,20,7.0
f3_zakharov,CSA,CSA,9996011.112585204,2133302.247403591,20,8.0
f3_zakharov,GA-MPC,GA-MPC,10478896.760153184,3603965.2133940333,20,9.0
f4_rosenbrock,CMAES,CMAES,7285196661.535597,771230876.1543905,20,1.0
f4_rosenbrock,HPPSO_Modified,HPPSO,502071884365.3594,50551694262.62952,20,2.0
f4_rosenbrock,GWO,GWO,1163436004428.338,33483001723.17446,20,3.0
f4_rosenbrock,SHADE,SHADE,1229811362793.479,100282823013.1028,20,4.0
f4_rosenbrock,PSO-m,PSO-M,1840442577931.8462,151267831034.4477,20,5.0
f4_rosenbrock,GA-MPC,GA-MPC,2298461453764.239,188736023912.75632,20,6.0
f4_rosenbrock,PSO-RIW,PSO-RIW,3915882436314.3374,514348372971.5669,20,7.0
f4_rosenbrock,CSA,CSA,4156411899992.646,1304204759930.054,20,8.0
f4_rosenbrock,Original PSO,PSO,4268080423180.6055,336146433516.7946,20,9.0
f5_powell_sum,CMAES,CMAES,4493.303406435444,62.97916187084913,20,1.0
f5_powell_sum,SHADE,SHADE,7060.27522991595,275.30010678477817,20,2.0
f5_powell_sum,HPPSO_Modified,HPPSO,7214.873557503401,311.7806425987833,20,3.0
f5_powell_sum,GA-MPC,GA-MPC,8008.518563626906,317.06045812079896,20,4.0
f5_powell_sum,GWO,GWO,8187.316814992056,176.29438889212142,20,5.0
f5_powell_sum,PSO-m,PSO-M,8466.669215226759,216.57110403641258,20,6.0
f5_powell_sum,PSO-RIW,PSO-RIW,9831.235619925683,405.2399730505755,20,7.0
f5_powell_sum,Original PSO,PSO,9851.426226795276,276.02287813098906,20,8.0
f5_powell_sum,CSA,CSA,12256.711284857676,553.7745035822159,20,9.0
f6_rastrigin,CMAES,CMAES,106642.78761360557,4476.730632547093,20,1.0
f6_rastrigin,HPPSO_Modified,HPPSO,1302336.6709670878,98634.26678267976,20,2.0
f6_rastrigin,SHADE,SHADE,2016299.3443142765,49055.43179660873,20,3.0
f6_rastrigin,GWO,GWO,2153577.2002614243,46388.370774372284,20,4.0
f6_rastrigin,PSO-m,PSO-M,2236022.6935919295,73144.71741313051,20,5.0
f6_rastrigin,GA-MPC,GA-MPC,2797398.0502276085,114765.24406602194,20,6.0
f6_rastrigin,PSO-RIW,PSO-RIW,3682550.447495972,181925.36922615828,20,7.0
f6_rastrigin,Original PSO,PSO,3818313.82534798,139392.06028311624,20,8.0
f6_rastrigin,CSA,CSA,4109659.3636919186,459266.203053007,20,9.0
f7_ackley,Original PSO,PSO,21.312376367104818,0.06281379683461126,20,1.0
f7_ackley,PSO-RIW,PSO-RIW,21.34944215254278,0.09146266629039439,20,2.0
f7_ackley,GA-MPC,GA-MPC,21.421735274144442,0.023577953779090537,20,3.0
f7_ackley,SHADE,SHADE,21.430568838319022,0.008221318815957203,20,4.0
f7_ackley,HPPSO_Modified,HPPSO,21.5596091819552,0.030954205255328462,20,5.0
f7_ackley,CSA,CSA,21.573705736188195,0.03459952755815059,20,6.0
f7_ackley,PSO-m,PSO-M,21.60078887748432,0.018306303553834467,20,7.0
f7_ackley,GWO,GWO,21.62376700814829,0.005800378862732438,20,8.0
f7_ackley,CMAES,CMAES,21.624018901538758,0.007878332159372265,20,9.0
f8_griewank,CMAES,CMAES,24.529600042450454,1.0370001790840333,20,1.0
f8_griewank,HPPSO_Modified,HPPSO,326.5667474853366,27.955589428611717,20,2.0
f8_griewank,SHADE,SHADE,509.2978561978907,24.51834254546565,20,3.0
f8_griewank,PSO-m,PSO-M,549.576701808284,22.43782323675136,20,4.0
f8_griewank,GWO,GWO,552.0779288984478,9.01550989413136,20,5.0
f8_griewank,GA-MPC,GA-MPC,698.2783422490825,28.535063338186642,20,6.0
f8_griewank,PSO-RIW,PSO-RIW,924.8362283230829,55.74985426793143,20,7.0
f8_griewank,Original PSO,PSO,955.2477070595576,33.267327451787935,20,8.0
f8_griewank,CSA,CSA,1001.6360274821642,105.617993450765,20,9.0
f9_weierstrass,Original PSO,PSO,1664.5797069133573,46.497497841783186,20,1.0
f9_weierstrass,PSO-RIW,PSO-RIW,1675.0153301112969,49.152521780395965,20,2.0
f9_weierstrass,GA-MPC,GA-MPC,1683.3751395731583,27.84056604547542,20,3.0
f9_weierstrass,SHADE,SHADE,1706.5416907209244,8.82090510003266,20,4.0
f9_weierstrass,HPPSO_Modified,HPPSO,1815.7178489337894,41.621892129878205,20,5.0
f9_weierstrass,CSA,CSA,1852.8817694573875,25.861055421028443,20,6.0
f9_weierstrass,PSO-m,PSO-M,1869.729165630577,17.244832754605365,20,7.0
f9_weierstrass,GWO,GWO,1894.9457487520344,6.346742361436204,20,8.0
f9_weierstrass,CMAES,CMAES,1895.4782102109089,8.917160654861776,20,9.0
