function,shifting_vector
f1_sphere,44.152796271771081 -71.864976366868632 73.913120845730674 93.254189602265342 -25.442896583448601 -85.06737011003365 -62.195764177189751 -74.899651659699586 86.689512354834335 -47.18518403050065 46.723174195532323 -49.37866832870035 59.666447302904345 -39.935356885796878 -24.139553275064202 -39.755274273988441 -58.065494902991958 55.527978142782757 87.857774109292478 -66.182490051498121 -84.485981757945126 -24.716708982762185 15.643032435658213 97.33293017937271 57.222429058675829 -86.05720274411506 43.55473192132672 -94.848730033768319 66.418399216032981 -10.601079418101619
f2_schwefel_2_22,-41.678618601188823 87.135738940235001 88.915106778278698 79.022299542948957 2.6236884961489579 3.6195616039465364 -24.210794345042004 35.466043048940776 71.728657819684742 73.654541341094045 8.7535512771673325 -93.550866604965435 -21.817458374001291 75.028557654594948 51.6563041280493 -93.835642601025441 -3.8440768714647362 -62.481660014920351 -45.624233825836313 56.911392601921051 -18.700969525088425 -91.091276434886453 -36.087172320670938 -82.874929927868891 94.943377595246972 -95.851101227864135 72.46938117020099 84.891111301874162 93.566489992855395 -97.833673953387574
f3_zakharov,97.159200025801312 58.649794942638977 -2.2212566990303344 -32.861543900668181 87.653522148566594 -47.31212433404135 7.4339527251961641 69.894596229459438 44.995494751259173 -98.874000281328449 48.870363909534461 72.48640047398348 77.038229801158423 -47.243094831007568 2.9629157800986832 -30.206088368014235 -72.389585131738556 -15.824857320611116 58.647068407896938 -25.108584461211819 -44.493707061365953 -64.143303697283358 -57.193208216319967 36.614430620019846 30.999983835071845 -30.918467397891945 69.257351209980641 -6.7861505602247121 11.771141942422858 -15.768076879825401
f4_rosenbrock,87.031430356930827 -49.747284273904334 -63.756455284606361 -78.328472236448448 23.041586999342471 24.493628000463104 0.55751328311983173 -51.360462278934072 76.405126043650256 10.407155910052495 -59.323335655684687 48.844469813874724 -45.454707206142572 -15.142650312654311 31.914017615090273 -99.134519205301231 -3.9050961965738651 -66.730821922148721 -20.835736619113106 59.376736575529321 -41.65762309285612 -81.740759546088995 74.852903207502294 -90.916652236515574 63.387857400430903 -29.057756485213517 92.763739300285096 -32.870401668124273 2.2094783243391731 -81.486439871980537
f5_powell_sum,14.979370128952368 -38.809359227265027 98.663557497890451 -21.119240615236464 1.183718773610849 -0.98382020896603706 -34.584511269258726 66.71875851769741 -2.9448304313292937 -21.655826452941469 63.816153694162551 -53.764480917521531 69.19902815224043 25.329943462555747 91.613391412390172 2.2034043426340162 -49.480596680783684 -98.796105585216182 -30.316396010433053 73.443170161937275 90.439898739515343 72.575116156729734 1.9946563515395042 71.341614996755965 88.842311664490694 70.013335423051615 -40.501340025593066 -84.431580483364939 38.19235207774588 -81.522874948470843
f6_rastrigin,2.5530692396954038 75.049929144795868 81.694331884888726 26.839930840836359 -76.23047210156389 66.604598460770177 5.0724787018900912 -66.954401320590719 -22.496925900299772 20.333579749211395 48.831310745176239 -44.516876878642563 -56.982676296626302 36.29487249752458 35.695024436284285 61.46168745578521 2.7077505700634532 53.506779203631396 57.237048148431285 -84.450485034440874 99.254417435806687 -60.080586414554759 46.138221078938841 13.692748231509611 -2.9882165030320067 -19.02709290391158 39.785294434282577 -10.330680092411782 -68.840053115260716 61.971713923758443
f7_ackley,41.493479639174751 -12.170043859380783 -92.484417508334943 86.942179261359513 43.717554667357717 53.771639141964016 -25.268622944059786 -99.84727299869347 54.19552587235691 71.524910420361721 31.430850286063702 85.13569121419502 17.245163658931006 -85.484591951650529 -5.2134268625639351 -49.94030178594506 28.512738298745859 94.630078060695411 -79.718106999529212 -21.11425908760252 81.614538436819743 -58.609656000365987 -56.799321946912464 54.472442647361163 95.318385326092596 75.099168657323105 -33.646359767328306 33.584481630438148 96.150881697991622 -31.022895065357019
f8_griewank,1.9225209028612085 -75.070201640667108 73.982883299802694 35.925692953641686 49.993719043495247 -51.658897588881935 56.525460212731133 70.623734588439959 -60.340356557349835 -44.851679875008934 97.825337058192872 -52.8592410652696 21.784154310541595 71.677922142425615 3.8493585951868425 58.063419869732797 -69.873547007462179 5.123784010225549 47.925733954018739 -33.56890572267595 50.822257444191109 -36.066656856380774 -58.020378769940663 -57.595459129762091 30.225546700281626 -15.050356275038695 13.836504577091645 82.257519275258403 -11.568983392097138 -20.109576599396789
f9_weierstrass,-61.455135011679253 -77.450486891377409 -5.3363002516871205 82.339742043968442 -81.823620477867735 -18.266432730269059 39.089758238339243 -91.383979472698115 -1.828462291609398 39.821862978574785 -29.876106705785872 -32.724259440778454 -81.337319301896315 -66.480638506288983 64.445736355635802 -53.828206105680799 85.884984975626537 -62.375554316736292 90.359990984026552 78.823154971290222 32.495831448406562 91.432212733843699 21.872842324157645 -9.7734450269024222 -24.930058512762059 50.471809309508018 -21.453540306079304 56.742955880102471 3.5865526231545033 -6.119077087673702
f10_levy,24.860347067407702 -20.162167445314211 53.30478508061708 31.663878223541474 -17.023413410093553 -45.328928430913187 -90.805913830992097 -33.027455693266347 33.671359948354961 5.3733149376517702 36.596998756991724 -32.768025068482928 91.191465560258621 -39.178626554809682 -20.294504977473096 63.525725323120639 -58.466610208360436 81.663433167256244 -96.498190432535665 17.374727030168245 32.472371433716376 14.78833530727421 30.409112524051352 -33.832715460451695 -9.1971531002755853 -77.558744288615713 -65.334447808279791 -52.22380273749954 14.784944292230932 46.466257820413034
f11_schwefel_2_26,64.424217139870251 -9.7634603381634406 42.808927325192371 94.938877371120014 13.85149276970705 -5.6427262148176993 41.633402861311879 -12.545438114418104 79.84389198381939 65.170893350610953 -6.2326559056268422 -91.02115550316428 -24.585760594033303 46.676447358133487 -2.953689769343228 15.605182916107708 -37.178675691128205 -68.033103861251874 -30.895251530714418 -7.1703560857290682 -85.141710544201345 -7.4036768382527356 47.181305742126028 10.163424291461837 -88.779890866729929 -37.402108028073286 -62.516445684224344 50.302963080359689 50.193605192263874 -43.533994755377179
f12_styblinski_tang,37.416105501948493 -94.831204084237015 -31.08950825084176 -76.197835187549515 47.853991498074578 -22.575055603378914 9.5916974580398886 -21.924887687743905 51.780245260442285 -67.287719747949751 82.791216032945357 81.867397769243752 -6.7997148888806436 41.766104622406118 -53.849717763973757 22.010205863418136 -13.304730483347086 12.924834648317869 79.505815557187503 -55.599415310342003 -1.8902771165568879 95.61987642965596 -37.829442232030374 -74.036056046279896 14.921511744022581 22.459311290659372 -71.886383214380984 11.714354833873912 -19.479739628022202 -59.576589116335697
f13_michalewicz,-79.833485113856966 68.269323654382163 65.156645642510171 54.177113036953955 71.298217362489709 54.44342035497084 -33.54227362815891 -78.276495407354531 90.007347682957601 88.802022632755353 34.095605389761857 26.582159924193576 17.049858819528893 18.555758294473932 -7.9598635497278565 9.7206429226551592 -58.713611440577807 86.133860999793029 -2.8975159568145585 -65.968352134624467 -73.245546555733895 -91.698773778012011 -52.691223484450987 98.501159919088906 62.553730635416372 48.012574852806267 -20.697661755021613 87.84262131885535 -98.753895160366937 -62.090275504869986
f14_alpine_1,-83.133871636943496 -95.300276513619252 -34.257932155207953 -29.978991008161643 -22.462306403227061 -33.074733691666026 -59.800290512876096 64.202639070042608 68.359939182355021 -15.352514275621431 47.813273839701026 -80.147756223739506 19.315124897742749 58.729689665139261 -19.522527058830391 81.614435473287415 -20.769549829511689 -58.786393300411447 -61.310170474822279 -91.677043627196909 -4.2385690816810921 -80.046787535160462 -68.609394994346331 -16.074299879308569 -82.739105562723765 37.661686866703292 -26.593064466689171 -60.712816514064485 0.31736615605430529 -6.308142554194248
f15_happy_cat,50.797817208271397 -91.132594339852886 -99.634445851804927 63.143343163369082 18.89580148281307 85.258913320083394 97.631700945409449 -7.6078670279460852 51.332960474101043 -8.1328666623592198 87.300129833504997 -27.751216739448466 19.829396954936257 -88.198083107813289 -15.621615266835278 66.463376705218735 14.979500095577379 91.335693684277771 -65.114885277078201 -86.385130491930369 99.451267895719809 -23.450374387336126 40.616500610331599 -55.716718584003978 34.747572980242552 88.753620576836596 86.88975131841184 -96.035592290031019 25.55346182039284 65.237515791929127
f16_hgbat,-64.351970222098089 86.230560353737729 -46.054658066341744 10.434059368032806 2.1246727791733662 -25.422809736290716 -73.883762894068795 -41.089125102004957 80.157167771984746 -21.90016759261853 94.123615050658458 8.7006397086755669 95.139390380154992 68.399767334626461 -26.846137164690091 -64.890724267120262 -82.029565112116671 11.951336246308713 17.864644325366513 8.1862071549272457 80.702202702947773 -17.960531048055202 41.056512408970377 70.442722425952411 14.300527011908542 -97.369968655652102 -4.8695177592312291 -26.845234833388787 45.917776069302874 85.258060628370657
f17_bent_cigar,76.566580606971911 58.994317147355332 -22.609491652374444 15.582838233060656 -48.540670635253292 59.601648356424704 -1.9461156157836115 71.376170220607236 -22.721601752352257 -72.290975717607139 44.499538746464566 42.129951952367804 77.38293882593166 -65.091834249377541 -93.221436820449881 -69.710165798684386 43.735485937841986 38.066166389058253 -30.8359849521662 -25.505439418360098 45.815334961318342 3.5909888518263529 -26.056383907193222 14.982435682058792 71.688427165010523 -89.018777423495195 -2.6766486263352505 39.615195529702703 -44.475637335654653 -0.47978503888597857
f18_discus,14.444715236768928 -95.326800757851871 -22.301491146726221 22.586417759602242 -29.244357091444968 -80.237243571861256 39.272379417016907 11.964325162739158 -97.923244540583383 69.379766173409024 -18.823239266561444 -84.194620007265257 85.592115037619664 70.171248761544291 -28.186843130255596 -64.919362867474121 33.387813559824821 -98.697471496774284 44.461531475005529 43.524799578999392 90.948932873365663 57.08434916968767 -27.818337135221057 -51.534069593777062 -34.763520702663087 89.856610605565209 -7.7415915615528093 -72.072045231870803 -67.561558938208464 -57.599900334051867
f19_penalized_1,-19.469095401033769 -98.449964069798142 -86.217587419553524 -23.306576558833598 83.743025055498606 10.153535667018218 36.947738949400531 -6.8529389977156399 21.438505716597959 -9.6614410087254328 -96.456635313135592 98.746287118396651 34.874892438975849 -9.1988961884542846 19.996683659079295 60.631887683097432 -94.847068551130093 -88.265671058397572 -75.274045001771526 -97.481295420850117 -78.6033384218413 41.597547330814194 -43.297449746746608 -15.584289960784886 -31.002028626091288 5.5313909231913954 24.128866298377758 48.881609370032123 79.292686299720799 -60.802680131110939
f20_zakharov_2,-3.5529780920720242 62.296735464735121 84.405739581674823 65.997797655101579 -4.9457450882144798 69.202412217905987 -59.284444514338695 -80.966199014472636 92.297701552761879 68.178847116179242 96.967309303508642 -34.736927465861527 63.076278532008757 -39.276952512158992 39.220718496934069 -42.325671520771976 10.572545569921914 42.642546339515462 41.582124292623433 -15.350798040454634 -18.30597476740121 92.285918588259648 -71.880196685250922 -57.524944687201774 -36.074082345839528 -0.28611613151305448 4.2245221433133935 94.440192629670378 -84.865267530550199 -48.924174476222525
